Date,Session,Type,Purge_Time,Revert_Time
2021-05-11,London,Purge Low,2021-05-11 03:32:00-04:00,2021-05-11 03:33:00-04:00
2021-05-13,London,Purge Low,2021-05-13 03:40:00-04:00,2021-05-13 03:40:00-04:00
2021-05-14,London,Purge High,2021-05-14 02:46:00-04:00,2021-05-14 03:05:00-04:00
2021-05-17,London,Purge Low,2021-05-17 03:45:00-04:00,2021-05-17 03:48:00-04:00
2021-05-18,London,Purge High,2021-05-18 02:24:00-04:00,2021-05-18 02:24:00-04:00
2021-05-19,London,Purge Low,2021-05-19 02:11:00-04:00,2021-05-19 02:11:00-04:00
2021-05-20,London,Purge High,2021-05-20 03:35:00-04:00,2021-05-20 03:41:00-04:00
2021-05-24,London,Purge High,2021-05-24 03:05:00-04:00,2021-05-24 03:06:00-04:00
2021-05-31,London,Purge Low,2021-05-31 03:55:00-04:00,2021-05-31 03:55:00-04:00
2021-06-01,London,Purge High,2021-06-01 02:38:00-04:00,2021-06-01 03:11:00-04:00
2021-06-02,London,Purge Low,2021-06-02 03:30:00-04:00,2021-06-02 03:32:00-04:00
2021-06-03,London,Purge Low,2021-06-03 05:21:00-04:00,2021-06-03 05:24:00-04:00
2021-06-07,London,Purge Low,2021-06-07 02:01:00-04:00,2021-06-07 02:01:00-04:00
2021-06-09,London,Purge High,2021-06-09 03:38:00-04:00,2021-06-09 03:40:00-04:00
2021-06-11,London,Purge High,2021-06-11 06:32:00-04:00,2021-06-11 06:39:00-04:00
2021-06-14,London,Purge High,2021-06-14 03:03:00-04:00,2021-06-14 03:10:00-04:00
2021-06-18,London,Purge High,2021-06-18 02:04:00-04:00,2021-06-18 02:05:00-04:00
2021-06-21,London,Purge High,2021-06-21 02:24:00-04:00,2021-06-21 02:24:00-04:00
2021-06-23,London,Purge High,2021-06-23 02:00:00-04:00,2021-06-23 02:02:00-04:00
2021-06-25,London,Purge High,2021-06-25 05:41:00-04:00,2021-06-25 06:25:00-04:00
2021-06-28,London,Purge High,2021-06-28 03:08:00-04:00,2021-06-28 04:22:00-04:00
2021-06-29,London,Purge High,2021-06-29 03:07:00-04:00,2021-06-29 03:07:00-04:00
2021-07-01,London,Purge High,2021-07-01 03:37:00-04:00,2021-07-01 03:38:00-04:00
2021-07-01,London,Purge Low,2021-07-01 02:06:00-04:00,2021-07-01 02:07:00-04:00
2021-07-02,London,Purge High,2021-07-02 03:20:00-04:00,2021-07-02 03:21:00-04:00
2021-07-02,London,Purge Low,2021-07-02 02:00:00-04:00,2021-07-02 02:04:00-04:00
2021-07-05,London,Purge Low,2021-07-05 02:00:00-04:00,2021-07-05 05:24:00-04:00
2021-07-06,London,Purge High,2021-07-06 06:52:00-04:00,2021-07-06 06:55:00-04:00
2021-07-06,London,Purge Low,2021-07-06 03:05:00-04:00,2021-07-06 03:09:00-04:00
2021-07-07,London,Purge High,2021-07-07 03:04:00-04:00,2021-07-07 03:12:00-04:00
2021-07-08,London,Purge Low,2021-07-08 02:38:00-04:00,2021-07-08 02:38:00-04:00
2021-07-12,London,Purge High,2021-07-12 04:56:00-04:00,2021-07-12 05:02:00-04:00
2021-07-12,London,Purge Low,2021-07-12 03:51:00-04:00,2021-07-12 04:01:00-04:00
2021-07-14,London,Purge High,2021-07-14 03:40:00-04:00,2021-07-14 03:46:00-04:00
2021-07-14,London,Purge Low,2021-07-14 02:10:00-04:00,2021-07-14 02:10:00-04:00
2021-07-15,London,Purge High,2021-07-15 02:02:00-04:00,2021-07-15 02:03:00-04:00
2021-07-19,London,Purge Low,2021-07-19 04:51:00-04:00,2021-07-19 04:52:00-04:00
2021-07-21,London,Purge High,2021-07-21 04:22:00-04:00,2021-07-21 04:37:00-04:00
2021-07-22,London,Purge High,2021-07-22 02:39:00-04:00,2021-07-22 03:34:00-04:00
2021-07-23,London,Purge High,2021-07-23 04:07:00-04:00,2021-07-23 05:00:00-04:00
2021-07-26,London,Purge Low,2021-07-26 03:45:00-04:00,2021-07-26 03:45:00-04:00
2021-07-27,London,Purge Low,2021-07-27 03:08:00-04:00,2021-07-27 03:08:00-04:00
2021-07-29,London,Purge High,2021-07-29 02:11:00-04:00,2021-07-29 06:39:00-04:00
2021-08-02,London,Purge High,2021-08-02 02:04:00-04:00,2021-08-02 02:05:00-04:00
2021-08-04,London,Purge High,2021-08-04 02:00:00-04:00,2021-08-04 04:06:00-04:00
2021-08-05,London,Purge High,2021-08-05 05:26:00-04:00,2021-08-05 05:26:00-04:00
2021-08-09,London,Purge High,2021-08-09 04:16:00-04:00,2021-08-09 04:16:00-04:00
2021-08-10,London,Purge High,2021-08-10 03:13:00-04:00,2021-08-10 03:13:00-04:00
2021-08-12,London,Purge Low,2021-08-12 02:39:00-04:00,2021-08-12 02:41:00-04:00
2021-08-13,London,Purge High,2021-08-13 02:40:00-04:00,2021-08-13 02:40:00-04:00
2021-08-16,London,Purge Low,2021-08-16 02:11:00-04:00,2021-08-16 02:15:00-04:00
2021-08-17,London,Purge Low,2021-08-17 02:00:00-04:00,2021-08-17 02:00:00-04:00
2021-08-25,London,Purge High,2021-08-25 02:46:00-04:00,2021-08-25 02:47:00-04:00
2021-08-26,London,Purge Low,2021-08-26 02:42:00-04:00,2021-08-26 02:42:00-04:00
2021-08-31,London,Purge High,2021-08-31 02:00:00-04:00,2021-08-31 06:36:00-04:00
2021-09-02,London,Purge High,2021-09-02 03:27:00-04:00,2021-09-02 03:28:00-04:00
2021-09-07,London,Purge Low,2021-09-07 04:08:00-04:00,2021-09-07 04:08:00-04:00
2021-09-08,London,Purge Low,2021-09-08 03:05:00-04:00,2021-09-08 05:38:00-04:00
2021-09-09,London,Purge Low,2021-09-09 02:00:00-04:00,2021-09-09 02:14:00-04:00
2021-09-10,London,Purge High,2021-09-10 02:00:00-04:00,2021-09-10 02:42:00-04:00
2021-09-14,London,Purge Low,2021-09-14 03:15:00-04:00,2021-09-14 03:15:00-04:00
2021-09-17,London,Purge High,2021-09-17 02:00:00-04:00,2021-09-17 02:52:00-04:00
2021-09-17,London,Purge Low,2021-09-17 06:26:00-04:00,2021-09-17 06:26:00-04:00
2021-09-20,London,Purge Low,2021-09-20 02:38:00-04:00,2021-09-20 02:49:00-04:00
2021-09-22,London,Purge High,2021-09-22 02:33:00-04:00,2021-09-22 02:33:00-04:00
2021-09-23,London,Purge High,2021-09-23 02:51:00-04:00,2021-09-23 02:52:00-04:00
2021-09-27,London,Purge High,2021-09-27 02:00:00-04:00,2021-09-27 02:00:00-04:00
2021-09-30,London,Purge High,2021-09-30 02:09:00-04:00,2021-09-30 02:09:00-04:00
2021-10-01,London,Purge Low,2021-10-01 02:20:00-04:00,2021-10-01 02:28:00-04:00
2021-10-04,London,Purge Low,2021-10-04 02:00:00-04:00,2021-10-04 02:01:00-04:00
2021-10-06,London,Purge Low,2021-10-06 03:47:00-04:00,2021-10-06 03:49:00-04:00
2021-10-07,London,Purge High,2021-10-07 02:21:00-04:00,2021-10-07 02:43:00-04:00
2021-10-12,London,Purge Low,2021-10-12 02:56:00-04:00,2021-10-12 02:57:00-04:00
2021-10-13,London,Purge High,2021-10-13 03:35:00-04:00,2021-10-13 03:40:00-04:00
2021-10-13,London,Purge Low,2021-10-13 03:10:00-04:00,2021-10-13 03:10:00-04:00
2021-10-14,London,Purge High,2021-10-14 02:00:00-04:00,2021-10-14 02:05:00-04:00
2021-10-15,London,Purge High,2021-10-15 02:00:00-04:00,2021-10-15 02:11:00-04:00
2021-10-18,London,Purge Low,2021-10-18 02:05:00-04:00,2021-10-18 03:13:00-04:00
2021-10-19,London,Purge High,2021-10-19 02:04:00-04:00,2021-10-19 02:05:00-04:00
2021-10-21,London,Purge Low,2021-10-21 02:00:00-04:00,2021-10-21 02:00:00-04:00
2021-10-22,London,Purge High,2021-10-22 03:18:00-04:00,2021-10-22 03:18:00-04:00
2021-10-25,London,Purge High,2021-10-25 02:00:00-04:00,2021-10-25 02:06:00-04:00
2021-10-26,London,Purge High,2021-10-26 02:18:00-04:00,2021-10-26 02:18:00-04:00
2021-10-27,London,Purge High,2021-10-27 03:04:00-04:00,2021-10-27 03:08:00-04:00
2021-10-27,London,Purge Low,2021-10-27 05:52:00-04:00,2021-10-27 05:53:00-04:00
2021-10-28,London,Purge High,2021-10-28 03:18:00-04:00,2021-10-28 03:19:00-04:00
2021-10-29,London,Purge Low,2021-10-29 06:13:00-04:00,2021-10-29 06:34:00-04:00
2021-11-01,London,Purge High,2021-11-01 05:05:00-04:00,2021-11-01 05:05:00-04:00
2021-11-02,London,Purge High,2021-11-02 02:36:00-04:00,2021-11-02 02:36:00-04:00
2021-11-03,London,Purge High,2021-11-03 04:07:00-04:00,2021-11-03 04:11:00-04:00
2021-11-04,London,Purge High,2021-11-04 04:08:00-04:00,2021-11-04 04:10:00-04:00
2021-11-05,London,Purge High,2021-11-05 04:25:00-04:00,2021-11-05 04:26:00-04:00
2021-11-08,London,Purge High,2021-11-08 03:16:00-05:00,2021-11-08 03:16:00-05:00
2021-11-09,London,Purge High,2021-11-09 02:12:00-05:00,2021-11-09 02:14:00-05:00
2021-11-16,London,Purge Low,2021-11-16 03:35:00-05:00,2021-11-16 04:03:00-05:00
2021-11-17,London,Purge High,2021-11-17 03:14:00-05:00,2021-11-17 03:14:00-05:00
2021-11-22,London,Purge High,2021-11-22 03:23:00-05:00,2021-11-22 03:23:00-05:00
2021-11-23,London,Purge Low,2021-11-23 02:09:00-05:00,2021-11-23 02:28:00-05:00
2021-11-24,London,Purge Low,2021-11-24 04:53:00-05:00,2021-11-24 04:57:00-05:00
2021-11-25,London,Purge High,2021-11-25 02:00:00-05:00,2021-11-25 06:12:00-05:00
2021-11-29,London,Purge High,2021-11-29 02:00:00-05:00,2021-11-29 02:00:00-05:00
2021-12-06,London,Purge High,2021-12-06 02:01:00-05:00,2021-12-06 02:01:00-05:00
2021-12-06,London,Purge Low,2021-12-06 05:25:00-05:00,2021-12-06 06:55:00-05:00
2021-12-08,London,Purge High,2021-12-08 06:46:00-05:00,2021-12-08 06:46:00-05:00
2021-12-09,London,Purge Low,2021-12-09 04:11:00-05:00,2021-12-09 04:30:00-05:00
2021-12-13,London,Purge High,2021-12-13 06:41:00-05:00,2021-12-13 06:41:00-05:00
2021-12-15,London,Purge Low,2021-12-15 04:15:00-05:00,2021-12-15 05:43:00-05:00
2021-12-17,London,Purge Low,2021-12-17 04:11:00-05:00,2021-12-17 04:53:00-05:00
2021-12-20,London,Purge Low,2021-12-20 02:05:00-05:00,2021-12-20 02:12:00-05:00
2021-12-21,London,Purge High,2021-12-21 02:00:00-05:00,2021-12-21 03:00:00-05:00
2021-12-22,London,Purge High,2021-12-22 06:57:00-05:00,2021-12-22 06:58:00-05:00
2021-12-23,London,Purge High,2021-12-23 05:51:00-05:00,2021-12-23 06:14:00-05:00
2021-12-27,London,Purge Low,2021-12-27 02:31:00-05:00,2021-12-27 02:33:00-05:00
2022-01-03,London,Purge High,2022-01-03 05:22:00-05:00,2022-01-03 05:22:00-05:00
2022-01-04,London,Purge High,2022-01-04 02:00:00-05:00,2022-01-04 02:02:00-05:00
2022-01-05,London,Purge Low,2022-01-05 02:39:00-05:00,2022-01-05 02:41:00-05:00
2022-01-10,London,Purge High,2022-01-10 02:00:00-05:00,2022-01-10 02:13:00-05:00
2022-01-10,London,Purge Low,2022-01-10 06:23:00-05:00,2022-01-10 06:24:00-05:00
2022-01-12,London,Purge High,2022-01-12 02:00:00-05:00,2022-01-12 03:17:00-05:00
2022-01-13,London,Purge High,2022-01-13 03:26:00-05:00,2022-01-13 03:49:00-05:00
2022-01-19,London,Purge Low,2022-01-19 02:44:00-05:00,2022-01-19 02:44:00-05:00
2022-01-20,London,Purge High,2022-01-20 02:00:00-05:00,2022-01-20 02:23:00-05:00
2022-01-24,London,Purge Low,2022-01-24 05:14:00-05:00,2022-01-24 05:14:00-05:00
2022-01-25,London,Purge Low,2022-01-25 02:12:00-05:00,2022-01-25 02:15:00-05:00
2022-01-26,London,Purge High,2022-01-26 04:03:00-05:00,2022-01-26 04:03:00-05:00
2022-01-31,London,Purge High,2022-01-31 03:45:00-05:00,2022-01-31 03:45:00-05:00
2022-02-01,London,Purge High,2022-02-01 02:01:00-05:00,2022-02-01 04:29:00-05:00
2022-02-03,London,Purge Low,2022-02-03 06:20:00-05:00,2022-02-03 06:21:00-05:00
2022-02-04,London,Purge High,2022-02-04 02:00:00-05:00,2022-02-04 02:14:00-05:00
2022-02-04,London,Purge Low,2022-02-04 04:21:00-05:00,2022-02-04 04:27:00-05:00
2022-02-07,London,Purge High,2022-02-07 02:00:00-05:00,2022-02-07 02:48:00-05:00
2022-02-08,London,Purge Low,2022-02-08 02:31:00-05:00,2022-02-08 02:34:00-05:00
2022-02-11,London,Purge Low,2022-02-11 02:00:00-05:00,2022-02-11 02:00:00-05:00
2022-02-14,London,Purge High,2022-02-14 02:55:00-05:00,2022-02-14 02:56:00-05:00
2022-02-14,London,Purge Low,2022-02-14 03:18:00-05:00,2022-02-14 03:18:00-05:00
2022-02-16,London,Purge High,2022-02-16 02:01:00-05:00,2022-02-16 02:02:00-05:00
2022-02-21,London,Purge High,2022-02-21 02:00:00-05:00,2022-02-21 03:35:00-05:00
2022-02-23,London,Purge High,2022-02-23 03:10:00-05:00,2022-02-23 03:10:00-05:00
2022-02-24,London,Purge Low,2022-02-24 02:05:00-05:00,2022-02-24 02:09:00-05:00
2022-02-28,London,Purge High,2022-02-28 02:35:00-05:00,2022-02-28 03:37:00-05:00
2022-03-01,London,Purge High,2022-03-01 02:06:00-05:00,2022-03-01 02:53:00-05:00
2022-03-02,London,Purge Low,2022-03-02 02:04:00-05:00,2022-03-02 02:06:00-05:00
2022-03-03,London,Purge High,2022-03-03 02:00:00-05:00,2022-03-03 02:03:00-05:00
2022-03-08,London,Purge Low,2022-03-08 02:00:00-05:00,2022-03-08 03:12:00-05:00
2022-03-09,London,Purge High,2022-03-09 02:15:00-05:00,2022-03-09 02:15:00-05:00
2022-03-14,London,Purge High,2022-03-14 05:51:00-04:00,2022-03-14 06:00:00-04:00
2022-03-15,London,Purge Low,2022-03-15 03:00:00-04:00,2022-03-15 03:00:00-04:00
2022-03-17,London,Purge High,2022-03-17 02:55:00-04:00,2022-03-17 02:57:00-04:00
2022-03-21,London,Purge Low,2022-03-21 02:00:00-04:00,2022-03-21 02:36:00-04:00
2022-03-22,London,Purge High,2022-03-22 03:53:00-04:00,2022-03-22 03:53:00-04:00
2022-03-25,London,Purge High,2022-03-25 02:15:00-04:00,2022-03-25 02:16:00-04:00
2022-03-28,London,Purge Low,2022-03-28 02:00:00-04:00,2022-03-28 02:14:00-04:00
2022-04-04,London,Purge High,2022-04-04 02:00:00-04:00,2022-04-04 03:08:00-04:00
2022-04-05,London,Purge High,2022-04-05 02:00:00-04:00,2022-04-05 02:00:00-04:00
2022-04-08,London,Purge High,2022-04-08 02:09:00-04:00,2022-04-08 02:10:00-04:00
2022-04-11,London,Purge Low,2022-04-11 03:15:00-04:00,2022-04-11 03:15:00-04:00
2022-04-13,London,Purge High,2022-04-13 02:00:00-04:00,2022-04-13 02:38:00-04:00
2022-04-14,London,Purge High,2022-04-14 02:00:00-04:00,2022-04-14 02:03:00-04:00
2022-04-20,London,Purge High,2022-04-20 03:13:00-04:00,2022-04-20 03:13:00-04:00
2022-04-21,London,Purge Low,2022-04-21 02:13:00-04:00,2022-04-21 02:14:00-04:00
2022-04-25,London,Purge Low,2022-04-25 02:12:00-04:00,2022-04-25 02:15:00-04:00
2022-04-28,London,Purge High,2022-04-28 02:02:00-04:00,2022-04-28 02:05:00-04:00
2022-04-29,London,Purge High,2022-04-29 02:00:00-04:00,2022-04-29 03:04:00-04:00
2022-05-02,London,Purge High,2022-05-02 03:02:00-04:00,2022-05-02 03:03:00-04:00
2022-05-04,London,Purge Low,2022-05-04 03:25:00-04:00,2022-05-04 03:28:00-04:00
2022-05-05,London,Purge High,2022-05-05 02:00:00-04:00,2022-05-05 02:00:00-04:00
2022-05-06,London,Purge Low,2022-05-06 03:33:00-04:00,2022-05-06 03:53:00-04:00
2022-05-09,London,Purge Low,2022-05-09 04:07:00-04:00,2022-05-09 04:07:00-04:00
2022-05-12,London,Purge Low,2022-05-12 02:00:00-04:00,2022-05-12 02:03:00-04:00
2022-05-13,London,Purge High,2022-05-13 03:31:00-04:00,2022-05-13 03:31:00-04:00
2022-05-16,London,Purge Low,2022-05-16 03:22:00-04:00,2022-05-16 03:24:00-04:00
2022-05-17,London,Purge High,2022-05-17 02:00:00-04:00,2022-05-17 02:06:00-04:00
2022-05-19,London,Purge Low,2022-05-19 03:30:00-04:00,2022-05-19 03:57:00-04:00
2022-05-20,London,Purge High,2022-05-20 02:00:00-04:00,2022-05-20 02:06:00-04:00
2022-05-23,London,Purge High,2022-05-23 02:08:00-04:00,2022-05-23 02:08:00-04:00
2022-05-23,London,Purge Low,2022-05-23 04:37:00-04:00,2022-05-23 04:37:00-04:00
2022-05-24,London,Purge Low,2022-05-24 02:00:00-04:00,2022-05-24 02:02:00-04:00
2022-05-25,London,Purge Low,2022-05-25 04:07:00-04:00,2022-05-25 04:32:00-04:00
2022-05-26,London,Purge Low,2022-05-26 02:08:00-04:00,2022-05-26 02:08:00-04:00
2022-05-31,London,Purge Low,2022-05-31 02:49:00-04:00,2022-05-31 02:50:00-04:00
2022-06-01,London,Purge Low,2022-06-01 02:00:00-04:00,2022-06-01 02:47:00-04:00
2022-06-06,London,Purge High,2022-06-06 02:31:00-04:00,2022-06-06 02:34:00-04:00
2022-06-07,London,Purge Low,2022-06-07 02:00:00-04:00,2022-06-07 02:03:00-04:00
2022-06-09,London,Purge High,2022-06-09 04:53:00-04:00,2022-06-09 04:53:00-04:00
2022-06-10,London,Purge Low,2022-06-10 03:24:00-04:00,2022-06-10 03:25:00-04:00
2022-06-13,London,Purge Low,2022-06-13 02:04:00-04:00,2022-06-13 02:10:00-04:00
2022-06-16,London,Purge Low,2022-06-16 03:34:00-04:00,2022-06-16 03:34:00-04:00
2022-06-21,London,Purge High,2022-06-21 03:31:00-04:00,2022-06-21 05:53:00-04:00
2022-06-23,London,Purge High,2022-06-23 04:13:00-04:00,2022-06-23 04:17:00-04:00
2022-06-24,London,Purge High,2022-06-24 02:00:00-04:00,2022-06-24 02:09:00-04:00
2022-06-27,London,Purge High,2022-06-27 03:33:00-04:00,2022-06-27 03:44:00-04:00
2022-06-29,London,Purge Low,2022-06-29 02:50:00-04:00,2022-06-29 03:15:00-04:00
2022-07-01,London,Purge Low,2022-07-01 02:01:00-04:00,2022-07-01 02:01:00-04:00
2022-07-05,London,Purge Low,2022-07-05 05:10:00-04:00,2022-07-05 05:10:00-04:00
2022-07-07,London,Purge High,2022-07-07 02:00:00-04:00,2022-07-07 02:33:00-04:00
2022-07-11,London,Purge Low,2022-07-11 02:08:00-04:00,2022-07-11 02:08:00-04:00
2022-07-12,London,Purge Low,2022-07-12 02:01:00-04:00,2022-07-12 02:02:00-04:00
2022-07-13,London,Purge High,2022-07-13 02:42:00-04:00,2022-07-13 02:42:00-04:00
2022-07-14,London,Purge Low,2022-07-14 04:00:00-04:00,2022-07-14 04:00:00-04:00
2022-07-18,London,Purge High,2022-07-18 02:00:00-04:00,2022-07-18 02:15:00-04:00
2022-07-19,London,Purge Low,2022-07-19 03:44:00-04:00,2022-07-19 03:45:00-04:00
2022-07-21,London,Purge High,2022-07-21 02:00:00-04:00,2022-07-21 02:32:00-04:00
2022-07-22,London,Purge High,2022-07-22 03:15:00-04:00,2022-07-22 03:15:00-04:00
2022-07-25,London,Purge High,2022-07-25 04:08:00-04:00,2022-07-25 04:09:00-04:00
2022-07-26,London,Purge Low,2022-07-26 06:37:00-04:00,2022-07-26 06:37:00-04:00
2022-07-27,London,Purge High,2022-07-27 04:07:00-04:00,2022-07-27 04:18:00-04:00
2022-07-29,London,Purge High,2022-07-29 02:25:00-04:00,2022-07-29 02:25:00-04:00
2022-08-02,London,Purge Low,2022-08-02 03:06:00-04:00,2022-08-02 03:48:00-04:00
2022-08-03,London,Purge High,2022-08-03 02:00:00-04:00,2022-08-03 02:44:00-04:00
2022-08-04,London,Purge High,2022-08-04 03:30:00-04:00,2022-08-04 03:31:00-04:00
2022-08-08,London,Purge High,2022-08-08 02:00:00-04:00,2022-08-08 02:01:00-04:00
2022-08-09,London,Purge Low,2022-08-09 05:56:00-04:00,2022-08-09 06:03:00-04:00
2022-08-10,London,Purge Low,2022-08-10 02:00:00-04:00,2022-08-10 03:02:00-04:00
2022-08-11,London,Purge High,2022-08-11 02:38:00-04:00,2022-08-11 03:04:00-04:00
2022-08-15,London,Purge Low,2022-08-15 03:10:00-04:00,2022-08-15 03:11:00-04:00
2022-08-16,London,Purge High,2022-08-16 04:38:00-04:00,2022-08-16 04:38:00-04:00
2022-08-17,London,Purge Low,2022-08-17 02:37:00-04:00,2022-08-17 02:44:00-04:00
2022-08-18,London,Purge Low,2022-08-18 02:30:00-04:00,2022-08-18 03:11:00-04:00
2022-08-19,London,Purge Low,2022-08-19 02:36:00-04:00,2022-08-19 02:36:00-04:00
2022-08-22,London,Purge Low,2022-08-22 02:02:00-04:00,2022-08-22 02:20:00-04:00
2022-08-23,London,Purge Low,2022-08-23 02:00:00-04:00,2022-08-23 03:41:00-04:00
2022-08-24,London,Purge Low,2022-08-24 03:33:00-04:00,2022-08-24 03:34:00-04:00
2022-08-25,London,Purge High,2022-08-25 02:00:00-04:00,2022-08-25 02:00:00-04:00
2022-08-29,London,Purge High,2022-08-29 03:03:00-04:00,2022-08-29 03:09:00-04:00
2022-08-30,London,Purge High,2022-08-30 02:00:00-04:00,2022-08-30 02:10:00-04:00
2022-09-01,London,Purge Low,2022-09-01 02:25:00-04:00,2022-09-01 02:27:00-04:00
2022-09-06,London,Purge High,2022-09-06 03:15:00-04:00,2022-09-06 03:16:00-04:00
2022-09-08,London,Purge High,2022-09-08 02:04:00-04:00,2022-09-08 02:05:00-04:00
2022-09-12,London,Purge High,2022-09-12 04:42:00-04:00,2022-09-12 04:52:00-04:00
2022-09-13,London,Purge High,2022-09-13 02:02:00-04:00,2022-09-13 03:09:00-04:00
2022-09-16,London,Purge Low,2022-09-16 02:00:00-04:00,2022-09-16 02:02:00-04:00
2022-09-19,London,Purge Low,2022-09-19 02:00:00-04:00,2022-09-19 02:34:00-04:00
2022-09-21,London,Purge Low,2022-09-21 02:00:00-04:00,2022-09-21 02:04:00-04:00
2022-09-23,London,Purge Low,2022-09-23 02:01:00-04:00,2022-09-23 02:01:00-04:00
2022-09-26,London,Purge High,2022-09-26 03:23:00-04:00,2022-09-26 03:25:00-04:00
2022-09-26,London,Purge Low,2022-09-26 02:00:00-04:00,2022-09-26 02:03:00-04:00
2022-09-27,London,Purge High,2022-09-27 02:00:00-04:00,2022-09-27 02:01:00-04:00
2022-09-28,London,Purge Low,2022-09-28 03:13:00-04:00,2022-09-28 03:16:00-04:00
2022-10-03,London,Purge High,2022-10-03 02:07:00-04:00,2022-10-03 02:07:00-04:00
2022-10-06,London,Purge Low,2022-10-06 04:44:00-04:00,2022-10-06 04:44:00-04:00
2022-10-07,London,Purge Low,2022-10-07 02:24:00-04:00,2022-10-07 02:48:00-04:00
2022-10-10,London,Purge High,2022-10-10 03:24:00-04:00,2022-10-10 03:25:00-04:00
2022-10-11,London,Purge Low,2022-10-11 02:55:00-04:00,2022-10-11 03:19:00-04:00
2022-10-12,London,Purge High,2022-10-12 02:15:00-04:00,2022-10-12 02:15:00-04:00
2022-10-13,London,Purge Low,2022-10-13 02:00:00-04:00,2022-10-13 02:02:00-04:00
2022-10-18,London,Purge High,2022-10-18 02:16:00-04:00,2022-10-18 02:17:00-04:00
2022-10-19,London,Purge Low,2022-10-19 02:00:00-04:00,2022-10-19 02:10:00-04:00
2022-10-21,London,Purge Low,2022-10-21 04:31:00-04:00,2022-10-21 04:33:00-04:00
2022-10-24,London,Purge Low,2022-10-24 02:14:00-04:00,2022-10-24 02:14:00-04:00
2022-10-25,London,Purge High,2022-10-25 02:04:00-04:00,2022-10-25 02:04:00-04:00
2022-10-26,London,Purge High,2022-10-26 03:20:00-04:00,2022-10-26 03:20:00-04:00
2022-10-27,London,Purge Low,2022-10-27 05:06:00-04:00,2022-10-27 05:09:00-04:00
2022-10-28,London,Purge Low,2022-10-28 02:00:00-04:00,2022-10-28 06:34:00-04:00
2022-10-31,London,Purge Low,2022-10-31 04:05:00-04:00,2022-10-31 04:06:00-04:00
2022-11-01,London,Purge High,2022-11-01 06:01:00-04:00,2022-11-01 06:01:00-04:00
2022-11-03,London,Purge Low,2022-11-03 04:53:00-04:00,2022-11-03 04:55:00-04:00
2022-11-08,London,Purge High,2022-11-08 05:06:00-05:00,2022-11-08 05:19:00-05:00
2022-11-14,London,Purge Low,2022-11-14 04:10:00-05:00,2022-11-14 04:13:00-05:00
2022-11-16,London,Purge High,2022-11-16 02:00:00-05:00,2022-11-16 04:31:00-05:00
2022-11-17,London,Purge Low,2022-11-17 04:32:00-05:00,2022-11-17 05:24:00-05:00
2022-11-18,London,Purge High,2022-11-18 05:41:00-05:00,2022-11-18 05:41:00-05:00
2022-11-18,London,Purge Low,2022-11-18 02:00:00-05:00,2022-11-18 02:17:00-05:00
2022-11-21,London,Purge Low,2022-11-21 02:43:00-05:00,2022-11-21 02:43:00-05:00
2022-11-22,London,Purge Low,2022-11-22 02:00:00-05:00,2022-11-22 02:47:00-05:00
2022-11-23,London,Purge High,2022-11-23 02:47:00-05:00,2022-11-23 02:48:00-05:00
2022-11-24,London,Purge High,2022-11-24 02:30:00-05:00,2022-11-24 02:33:00-05:00
2022-11-25,London,Purge Low,2022-11-25 03:48:00-05:00,2022-11-25 03:49:00-05:00
2022-11-28,London,Purge Low,2022-11-28 04:52:00-05:00,2022-11-28 04:52:00-05:00
2022-11-29,London,Purge High,2022-11-29 03:22:00-05:00,2022-11-29 03:22:00-05:00
2022-12-05,London,Purge Low,2022-12-05 02:08:00-05:00,2022-12-05 03:51:00-05:00
2022-12-06,London,Purge Low,2022-12-06 02:00:00-05:00,2022-12-06 02:37:00-05:00
2022-12-07,London,Purge Low,2022-12-07 02:00:00-05:00,2022-12-07 02:00:00-05:00
2022-12-09,London,Purge High,2022-12-09 02:00:00-05:00,2022-12-09 02:12:00-05:00
2022-12-12,London,Purge High,2022-12-12 02:42:00-05:00,2022-12-12 02:42:00-05:00
2022-12-13,London,Purge High,2022-12-13 02:00:00-05:00,2022-12-13 02:00:00-05:00
2022-12-16,London,Purge Low,2022-12-16 02:21:00-05:00,2022-12-16 02:21:00-05:00
2022-12-19,London,Purge High,2022-12-19 03:10:00-05:00,2022-12-19 04:40:00-05:00
2022-12-22,London,Purge High,2022-12-22 03:19:00-05:00,2022-12-22 03:19:00-05:00
2022-12-27,London,Purge Low,2022-12-27 04:19:00-05:00,2022-12-27 04:19:00-05:00
2023-01-03,London,Purge High,2023-01-03 03:45:00-05:00,2023-01-03 06:42:00-05:00
2023-01-05,London,Purge High,2023-01-05 05:21:00-05:00,2023-01-05 05:21:00-05:00
2023-01-05,London,Purge Low,2023-01-05 03:39:00-05:00,2023-01-05 03:39:00-05:00
2023-01-06,London,Purge Low,2023-01-06 02:32:00-05:00,2023-01-06 02:33:00-05:00
2023-01-09,London,Purge High,2023-01-09 04:44:00-05:00,2023-01-09 04:51:00-05:00
2023-01-09,London,Purge Low,2023-01-09 03:01:00-05:00,2023-01-09 03:01:00-05:00
2023-01-10,London,Purge High,2023-01-10 03:24:00-05:00,2023-01-10 03:24:00-05:00
2023-01-11,London,Purge High,2023-01-11 04:17:00-05:00,2023-01-11 04:38:00-05:00
2023-01-13,London,Purge Low,2023-01-13 06:53:00-05:00,2023-01-13 06:54:00-05:00
2023-01-16,London,Purge Low,2023-01-16 02:06:00-05:00,2023-01-16 02:10:00-05:00
2023-01-17,London,Purge Low,2023-01-17 02:00:00-05:00,2023-01-17 02:08:00-05:00
2023-01-19,London,Purge Low,2023-01-19 02:01:00-05:00,2023-01-19 02:01:00-05:00
2023-01-20,London,Purge Low,2023-01-20 03:26:00-05:00,2023-01-20 03:27:00-05:00
2023-01-23,London,Purge High,2023-01-23 02:03:00-05:00,2023-01-23 02:09:00-05:00
2023-01-23,London,Purge Low,2023-01-23 06:57:00-05:00,2023-01-23 06:57:00-05:00
2023-01-26,London,Purge High,2023-01-26 02:00:00-05:00,2023-01-26 04:37:00-05:00
2023-01-31,London,Purge Low,2023-01-31 03:47:00-05:00,2023-01-31 03:57:00-05:00
2023-02-01,London,Purge High,2023-02-01 02:18:00-05:00,2023-02-01 02:19:00-05:00
2023-02-02,London,Purge High,2023-02-02 03:27:00-05:00,2023-02-02 06:08:00-05:00
2023-02-06,London,Purge Low,2023-02-06 02:00:00-05:00,2023-02-06 02:00:00-05:00
2023-02-07,London,Purge Low,2023-02-07 03:05:00-05:00,2023-02-07 03:46:00-05:00
2023-02-13,London,Purge High,2023-02-13 04:00:00-05:00,2023-02-13 04:43:00-05:00
2023-02-14,London,Purge High,2023-02-14 02:34:00-05:00,2023-02-14 02:40:00-05:00
2023-02-17,London,Purge Low,2023-02-17 02:00:00-05:00,2023-02-17 02:06:00-05:00
2023-02-20,London,Purge High,2023-02-20 06:54:00-05:00,2023-02-20 06:54:00-05:00
2023-02-20,London,Purge Low,2023-02-20 03:14:00-05:00,2023-02-20 03:14:00-05:00
2023-02-22,London,Purge Low,2023-02-22 03:29:00-05:00,2023-02-22 03:32:00-05:00
2023-02-23,London,Purge High,2023-02-23 03:32:00-05:00,2023-02-23 03:40:00-05:00
2023-02-24,London,Purge Low,2023-02-24 02:06:00-05:00,2023-02-24 02:06:00-05:00
2023-03-01,London,Purge High,2023-03-01 02:24:00-05:00,2023-03-01 02:26:00-05:00
2023-03-02,London,Purge Low,2023-03-02 02:33:00-05:00,2023-03-02 02:34:00-05:00
2023-03-03,London,Purge High,2023-03-03 03:05:00-05:00,2023-03-03 03:05:00-05:00
2023-03-07,London,Purge High,2023-03-07 04:08:00-05:00,2023-03-07 04:13:00-05:00
2023-03-09,London,Purge Low,2023-03-09 04:59:00-05:00,2023-03-09 05:00:00-05:00
2023-03-13,London,Purge High,2023-03-13 02:06:00-04:00,2023-03-13 02:17:00-04:00
2023-03-14,London,Purge Low,2023-03-14 02:18:00-04:00,2023-03-14 02:18:00-04:00
2023-03-17,London,Purge High,2023-03-17 02:00:00-04:00,2023-03-17 02:16:00-04:00
2023-03-20,London,Purge Low,2023-03-20 02:00:00-04:00,2023-03-20 02:10:00-04:00
2023-03-21,London,Purge High,2023-03-21 03:41:00-04:00,2023-03-21 03:46:00-04:00
2023-03-24,London,Purge High,2023-03-24 03:30:00-04:00,2023-03-24 04:05:00-04:00
2023-03-27,London,Purge High,2023-03-27 02:00:00-04:00,2023-03-27 02:00:00-04:00
2023-03-27,London,Purge Low,2023-03-27 03:24:00-04:00,2023-03-27 04:22:00-04:00
2023-03-28,London,Purge Low,2023-03-28 03:21:00-04:00,2023-03-28 03:35:00-04:00
2023-03-29,London,Purge High,2023-03-29 02:00:00-04:00,2023-03-29 02:01:00-04:00
2023-04-04,London,Purge High,2023-04-04 03:00:00-04:00,2023-04-04 03:03:00-04:00
2023-04-05,London,Purge Low,2023-04-05 02:00:00-04:00,2023-04-05 02:18:00-04:00
2023-04-06,London,Purge Low,2023-04-06 05:55:00-04:00,2023-04-06 06:13:00-04:00
2023-04-10,London,Purge Low,2023-04-10 02:00:00-04:00,2023-04-10 03:55:00-04:00
2023-04-11,London,Purge High,2023-04-11 04:13:00-04:00,2023-04-11 04:14:00-04:00
2023-04-12,London,Purge Low,2023-04-12 02:10:00-04:00,2023-04-12 02:13:00-04:00
2023-04-14,London,Purge High,2023-04-14 03:23:00-04:00,2023-04-14 03:23:00-04:00
2023-04-17,London,Purge High,2023-04-17 03:06:00-04:00,2023-04-17 03:06:00-04:00
2023-04-17,London,Purge Low,2023-04-17 05:16:00-04:00,2023-04-17 05:19:00-04:00
2023-04-18,London,Purge High,2023-04-18 02:18:00-04:00,2023-04-18 02:19:00-04:00
2023-04-19,London,Purge Low,2023-04-19 02:00:00-04:00,2023-04-19 02:01:00-04:00
2023-04-20,London,Purge Low,2023-04-20 02:00:00-04:00,2023-04-20 02:10:00-04:00
2023-04-21,London,Purge Low,2023-04-21 02:15:00-04:00,2023-04-21 02:15:00-04:00
2023-04-24,London,Purge High,2023-04-24 05:34:00-04:00,2023-04-24 05:35:00-04:00
2023-04-24,London,Purge Low,2023-04-24 02:00:00-04:00,2023-04-24 05:14:00-04:00
2023-04-25,London,Purge Low,2023-04-25 02:15:00-04:00,2023-04-25 02:15:00-04:00
2023-04-26,London,Purge Low,2023-04-26 06:56:00-04:00,2023-04-26 06:56:00-04:00
2023-04-27,London,Purge High,2023-04-27 02:20:00-04:00,2023-04-27 02:20:00-04:00
2023-05-01,London,Purge High,2023-05-01 02:33:00-04:00,2023-05-01 02:33:00-04:00
2023-05-08,London,Purge High,2023-05-08 03:13:00-04:00,2023-05-08 03:14:00-04:00
2023-05-11,London,Purge High,2023-05-11 03:46:00-04:00,2023-05-11 03:52:00-04:00
2023-05-16,London,Purge High,2023-05-16 03:21:00-04:00,2023-05-16 03:21:00-04:00
2023-05-18,London,Purge High,2023-05-18 03:13:00-04:00,2023-05-18 03:14:00-04:00
2023-05-22,London,Purge High,2023-05-22 03:08:00-04:00,2023-05-22 03:08:00-04:00
2023-05-24,London,Purge Low,2023-05-24 02:01:00-04:00,2023-05-24 02:01:00-04:00
2023-05-25,London,Purge High,2023-05-25 05:01:00-04:00,2023-05-25 05:01:00-04:00
2023-05-26,London,Purge High,2023-05-26 02:24:00-04:00,2023-05-26 02:24:00-04:00
2023-05-30,London,Purge High,2023-05-30 02:33:00-04:00,2023-05-30 02:35:00-04:00
2023-05-31,London,Purge Low,2023-05-31 02:00:00-04:00,2023-05-31 05:08:00-04:00
2023-06-02,London,Purge High,2023-06-02 02:42:00-04:00,2023-06-02 02:42:00-04:00
2023-06-06,London,Purge High,2023-06-06 03:25:00-04:00,2023-06-06 03:40:00-04:00
2023-06-07,London,Purge Low,2023-06-07 02:47:00-04:00,2023-06-07 02:56:00-04:00
2023-06-08,London,Purge Low,2023-06-08 02:00:00-04:00,2023-06-08 03:40:00-04:00
2023-06-12,London,Purge High,2023-06-12 02:22:00-04:00,2023-06-12 02:45:00-04:00
2023-06-13,London,Purge High,2023-06-13 02:08:00-04:00,2023-06-13 03:10:00-04:00
2023-06-14,London,Purge High,2023-06-14 03:18:00-04:00,2023-06-14 06:51:00-04:00
2023-06-16,London,Purge High,2023-06-16 02:19:00-04:00,2023-06-16 02:28:00-04:00
2023-06-19,London,Purge Low,2023-06-19 04:03:00-04:00,2023-06-19 04:03:00-04:00
2023-06-20,London,Purge Low,2023-06-20 02:00:00-04:00,2023-06-20 02:01:00-04:00
2023-06-22,London,Purge Low,2023-06-22 02:00:00-04:00,2023-06-22 03:51:00-04:00
2023-06-29,London,Purge High,2023-06-29 06:16:00-04:00,2023-06-29 06:20:00-04:00
2023-06-30,London,Purge High,2023-06-30 04:04:00-04:00,2023-06-30 04:05:00-04:00
2023-07-03,London,Purge High,2023-07-03 03:17:00-04:00,2023-07-03 03:17:00-04:00
2023-07-06,London,Purge Low,2023-07-06 02:00:00-04:00,2023-07-06 02:04:00-04:00
2023-07-07,London,Purge Low,2023-07-07 02:16:00-04:00,2023-07-07 02:16:00-04:00
2023-07-10,London,Purge Low,2023-07-10 02:00:00-04:00,2023-07-10 04:05:00-04:00
2023-07-11,London,Purge High,2023-07-11 02:00:00-04:00,2023-07-11 03:59:00-04:00
2023-07-12,London,Purge High,2023-07-12 02:02:00-04:00,2023-07-12 02:02:00-04:00
2023-07-13,London,Purge High,2023-07-13 02:07:00-04:00,2023-07-13 02:07:00-04:00
2023-07-14,London,Purge High,2023-07-14 02:00:00-04:00,2023-07-14 02:00:00-04:00
2023-07-17,London,Purge High,2023-07-17 02:44:00-04:00,2023-07-17 02:52:00-04:00
2023-07-18,London,Purge High,2023-07-18 03:50:00-04:00,2023-07-18 03:59:00-04:00
2023-07-19,London,Purge High,2023-07-19 02:01:00-04:00,2023-07-19 02:01:00-04:00
2023-07-20,London,Purge Low,2023-07-20 03:27:00-04:00,2023-07-20 03:29:00-04:00
2023-07-24,London,Purge High,2023-07-24 03:16:00-04:00,2023-07-24 03:30:00-04:00
2023-07-24,London,Purge Low,2023-07-24 02:08:00-04:00,2023-07-24 02:08:00-04:00
2023-07-25,London,Purge High,2023-07-25 02:13:00-04:00,2023-07-25 02:13:00-04:00
2023-08-02,London,Purge Low,2023-08-02 02:42:00-04:00,2023-08-02 02:42:00-04:00
2023-08-03,London,Purge Low,2023-08-03 02:01:00-04:00,2023-08-03 02:02:00-04:00
2023-08-04,London,Purge High,2023-08-04 02:00:00-04:00,2023-08-04 02:40:00-04:00
2023-08-07,London,Purge High,2023-08-07 03:08:00-04:00,2023-08-07 04:12:00-04:00
2023-08-08,London,Purge Low,2023-08-08 02:00:00-04:00,2023-08-08 03:02:00-04:00
2023-08-11,London,Purge Low,2023-08-11 02:06:00-04:00,2023-08-11 02:09:00-04:00
2023-08-14,London,Purge High,2023-08-14 03:55:00-04:00,2023-08-14 04:31:00-04:00
2023-08-18,London,Purge Low,2023-08-18 03:34:00-04:00,2023-08-18 03:35:00-04:00
2023-08-21,London,Purge High,2023-08-21 03:51:00-04:00,2023-08-21 03:51:00-04:00
2023-08-21,London,Purge Low,2023-08-21 02:00:00-04:00,2023-08-21 02:21:00-04:00
2023-08-22,London,Purge High,2023-08-22 02:09:00-04:00,2023-08-22 02:09:00-04:00
2023-08-23,London,Purge High,2023-08-23 02:00:00-04:00,2023-08-23 02:00:00-04:00
2023-08-24,London,Purge High,2023-08-24 02:00:00-04:00,2023-08-24 02:00:00-04:00
2023-08-25,London,Purge Low,2023-08-25 02:26:00-04:00,2023-08-25 03:06:00-04:00
2023-08-28,London,Purge High,2023-08-28 04:26:00-04:00,2023-08-28 04:26:00-04:00
2023-08-29,London,Purge High,2023-08-29 02:00:00-04:00,2023-08-29 02:57:00-04:00
2023-09-01,London,Purge High,2023-09-01 03:45:00-04:00,2023-09-01 04:01:00-04:00
2023-09-04,London,Purge High,2023-09-04 02:00:00-04:00,2023-09-04 02:00:00-04:00
2023-09-05,London,Purge Low,2023-09-05 02:27:00-04:00,2023-09-05 03:05:00-04:00
2023-09-06,London,Purge Low,2023-09-06 02:59:00-04:00,2023-09-06 06:14:00-04:00
2023-09-08,London,Purge Low,2023-09-08 05:02:00-04:00,2023-09-08 06:22:00-04:00
2023-09-12,London,Purge High,2023-09-12 02:15:00-04:00,2023-09-12 02:18:00-04:00
2023-09-13,London,Purge Low,2023-09-13 02:13:00-04:00,2023-09-13 02:13:00-04:00
2023-09-14,London,Purge High,2023-09-14 02:26:00-04:00,2023-09-14 02:26:00-04:00
2023-09-18,London,Purge High,2023-09-18 03:30:00-04:00,2023-09-18 03:38:00-04:00
2023-09-19,London,Purge High,2023-09-19 04:13:00-04:00,2023-09-19 04:13:00-04:00
2023-09-19,London,Purge Low,2023-09-19 02:00:00-04:00,2023-09-19 03:17:00-04:00
2023-09-20,London,Purge High,2023-09-20 05:57:00-04:00,2023-09-20 05:57:00-04:00
2023-09-21,London,Purge Low,2023-09-21 03:31:00-04:00,2023-09-21 03:33:00-04:00
2023-09-25,London,Purge High,2023-09-25 03:14:00-04:00,2023-09-25 03:47:00-04:00
2023-09-25,London,Purge Low,2023-09-25 04:28:00-04:00,2023-09-25 04:28:00-04:00
2023-09-26,London,Purge Low,2023-09-26 02:10:00-04:00,2023-09-26 04:00:00-04:00
2023-09-28,London,Purge Low,2023-09-28 03:06:00-04:00,2023-09-28 03:08:00-04:00
2023-10-02,London,Purge High,2023-10-02 03:14:00-04:00,2023-10-02 03:14:00-04:00
2023-10-02,London,Purge Low,2023-10-02 02:02:00-04:00,2023-10-02 02:04:00-04:00
2023-10-03,London,Purge High,2023-10-03 04:04:00-04:00,2023-10-03 04:04:00-04:00
2023-10-04,London,Purge Low,2023-10-04 02:05:00-04:00,2023-10-04 03:43:00-04:00
2023-10-06,London,Purge Low,2023-10-06 02:00:00-04:00,2023-10-06 02:05:00-04:00
2023-10-09,London,Purge Low,2023-10-09 03:19:00-04:00,2023-10-09 03:19:00-04:00
2023-10-10,London,Purge High,2023-10-10 04:30:00-04:00,2023-10-10 04:30:00-04:00
2023-10-11,London,Purge High,2023-10-11 03:15:00-04:00,2023-10-11 03:18:00-04:00
2023-10-12,London,Purge High,2023-10-12 02:01:00-04:00,2023-10-12 02:01:00-04:00
2023-10-13,London,Purge Low,2023-10-13 02:00:00-04:00,2023-10-13 02:05:00-04:00
2023-10-16,London,Purge Low,2023-10-16 03:26:00-04:00,2023-10-16 03:29:00-04:00
2023-10-18,London,Purge Low,2023-10-18 02:59:00-04:00,2023-10-18 03:02:00-04:00
2023-10-19,London,Purge Low,2023-10-19 03:46:00-04:00,2023-10-19 04:00:00-04:00
2023-10-20,London,Purge Low,2023-10-20 02:15:00-04:00,2023-10-20 02:15:00-04:00
2023-10-23,London,Purge Low,2023-10-23 03:38:00-04:00,2023-10-23 04:12:00-04:00
2023-10-24,London,Purge High,2023-10-24 02:00:00-04:00,2023-10-24 04:19:00-04:00
2023-10-25,London,Purge Low,2023-10-25 03:05:00-04:00,2023-10-25 03:06:00-04:00
2023-10-26,London,Purge Low,2023-10-26 02:01:00-04:00,2023-10-26 02:02:00-04:00
2023-10-27,London,Purge High,2023-10-27 02:00:00-04:00,2023-10-27 02:00:00-04:00
2023-10-30,London,Purge High,2023-10-30 02:30:00-04:00,2023-10-30 02:31:00-04:00
2023-10-31,London,Purge High,2023-10-31 04:53:00-04:00,2023-10-31 04:53:00-04:00
2023-10-31,London,Purge Low,2023-10-31 02:04:00-04:00,2023-10-31 02:15:00-04:00
2023-11-01,London,Purge High,2023-11-01 02:50:00-04:00,2023-11-01 03:21:00-04:00
2023-11-02,London,Purge High,2023-11-02 03:55:00-04:00,2023-11-02 04:01:00-04:00
2023-11-03,London,Purge High,2023-11-03 02:00:00-04:00,2023-11-03 02:00:00-04:00
2023-11-06,London,Purge High,2023-11-06 02:39:00-05:00,2023-11-06 02:39:00-05:00
2023-11-07,London,Purge High,2023-11-07 03:56:00-05:00,2023-11-07 03:59:00-05:00
2023-11-08,London,Purge High,2023-11-08 06:34:00-05:00,2023-11-08 06:35:00-05:00
2023-11-09,London,Purge High,2023-11-09 02:00:00-05:00,2023-11-09 03:11:00-05:00
2023-11-10,London,Purge Low,2023-11-10 06:35:00-05:00,2023-11-10 06:35:00-05:00
2023-11-14,London,Purge High,2023-11-14 02:20:00-05:00,2023-11-14 02:20:00-05:00
2023-11-15,London,Purge High,2023-11-15 02:00:00-05:00,2023-11-15 02:00:00-05:00
2023-11-17,London,Purge High,2023-11-17 03:32:00-05:00,2023-11-17 03:50:00-05:00
2023-11-20,London,Purge Low,2023-11-20 02:00:00-05:00,2023-11-20 02:03:00-05:00
2023-11-24,London,Purge Low,2023-11-24 02:00:00-05:00,2023-11-24 03:23:00-05:00
2023-11-27,London,Purge High,2023-11-27 05:52:00-05:00,2023-11-27 05:52:00-05:00
2023-11-29,London,Purge High,2023-11-29 03:39:00-05:00,2023-11-29 03:39:00-05:00
2023-11-30,London,Purge Low,2023-11-30 03:50:00-05:00,2023-11-30 03:51:00-05:00
2023-12-01,London,Purge Low,2023-12-01 02:52:00-05:00,2023-12-01 02:53:00-05:00
2023-12-04,London,Purge Low,2023-12-04 02:08:00-05:00,2023-12-04 02:12:00-05:00
2023-12-07,London,Purge Low,2023-12-07 02:00:00-05:00,2023-12-07 02:05:00-05:00
2023-12-08,London,Purge High,2023-12-08 05:02:00-05:00,2023-12-08 05:02:00-05:00
2023-12-11,London,Purge Low,2023-12-11 06:23:00-05:00,2023-12-11 06:25:00-05:00
2023-12-12,London,Purge High,2023-12-12 03:25:00-05:00,2023-12-12 03:30:00-05:00
2023-12-13,London,Purge High,2023-12-13 02:42:00-05:00,2023-12-13 02:43:00-05:00
2023-12-18,London,Purge High,2023-12-18 02:44:00-05:00,2023-12-18 02:45:00-05:00
2023-12-19,London,Purge High,2023-12-19 03:23:00-05:00,2023-12-19 03:30:00-05:00
2023-12-26,London,Purge High,2023-12-26 02:05:00-05:00,2023-12-26 02:05:00-05:00
2023-12-28,London,Purge High,2023-12-28 02:00:00-05:00,2023-12-28 02:00:00-05:00
2024-01-02,London,Purge Low,2024-01-02 04:15:00-05:00,2024-01-02 04:17:00-05:00
2024-01-03,London,Purge Low,2024-01-03 03:44:00-05:00,2024-01-03 03:44:00-05:00
2024-01-08,London,Purge Low,2024-01-08 02:43:00-05:00,2024-01-08 02:43:00-05:00
2024-01-10,London,Purge High,2024-01-10 03:00:00-05:00,2024-01-10 03:10:00-05:00
2024-01-11,London,Purge High,2024-01-11 02:02:00-05:00,2024-01-11 02:15:00-05:00
2024-01-12,London,Purge Low,2024-01-12 02:49:00-05:00,2024-01-12 02:53:00-05:00
2024-01-15,London,Purge High,2024-01-15 02:00:00-05:00,2024-01-15 03:35:00-05:00
2024-01-16,London,Purge Low,2024-01-16 02:00:00-05:00,2024-01-16 02:00:00-05:00
2024-01-17,London,Purge Low,2024-01-17 02:00:00-05:00,2024-01-17 04:35:00-05:00
2024-01-18,London,Purge High,2024-01-18 03:18:00-05:00,2024-01-18 03:18:00-05:00
2024-01-19,London,Purge High,2024-01-19 02:19:00-05:00,2024-01-19 02:23:00-05:00
2024-01-23,London,Purge Low,2024-01-23 03:19:00-05:00,2024-01-23 03:19:00-05:00
2024-01-25,London,Purge High,2024-01-25 02:09:00-05:00,2024-01-25 02:09:00-05:00
2024-01-26,London,Purge Low,2024-01-26 02:48:00-05:00,2024-01-26 02:48:00-05:00
2024-01-29,London,Purge High,2024-01-29 02:00:00-05:00,2024-01-29 02:00:00-05:00
2024-02-02,London,Purge High,2024-02-02 04:03:00-05:00,2024-02-02 04:05:00-05:00
2024-02-06,London,Purge High,2024-02-06 02:02:00-05:00,2024-02-06 04:11:00-05:00
2024-02-07,London,Purge Low,2024-02-07 02:01:00-05:00,2024-02-07 02:01:00-05:00
2024-02-08,London,Purge High,2024-02-08 02:11:00-05:00,2024-02-08 02:15:00-05:00
2024-02-12,London,Purge High,2024-02-12 02:23:00-05:00,2024-02-12 02:25:00-05:00
2024-02-16,London,Purge High,2024-02-16 02:26:00-05:00,2024-02-16 02:31:00-05:00
2024-02-19,London,Purge Low,2024-02-19 03:24:00-05:00,2024-02-19 03:24:00-05:00
2024-02-20,London,Purge Low,2024-02-20 03:21:00-05:00,2024-02-20 03:36:00-05:00
2024-02-21,London,Purge Low,2024-02-21 03:19:00-05:00,2024-02-21 03:19:00-05:00
2024-02-26,London,Purge High,2024-02-26 04:53:00-05:00,2024-02-26 04:53:00-05:00
2024-02-27,London,Purge High,2024-02-27 02:29:00-05:00,2024-02-27 03:33:00-05:00
2024-02-28,London,Purge Low,2024-02-28 04:30:00-05:00,2024-02-28 04:31:00-05:00
2024-02-29,London,Purge Low,2024-02-29 03:10:00-05:00,2024-02-29 03:17:00-05:00
2024-03-01,London,Purge High,2024-03-01 02:00:00-05:00,2024-03-01 03:33:00-05:00
2024-03-04,London,Purge High,2024-03-04 03:09:00-05:00,2024-03-04 03:12:00-05:00
2024-03-04,London,Purge Low,2024-03-04 05:00:00-05:00,2024-03-04 05:01:00-05:00
2024-03-05,London,Purge Low,2024-03-05 02:00:00-05:00,2024-03-05 02:02:00-05:00
2024-03-07,London,Purge High,2024-03-07 04:21:00-05:00,2024-03-07 04:21:00-05:00
2024-03-07,London,Purge Low,2024-03-07 03:10:00-05:00,2024-03-07 03:15:00-05:00
2024-03-08,London,Purge High,2024-03-08 03:10:00-05:00,2024-03-08 06:26:00-05:00
2024-03-11,London,Purge Low,2024-03-11 04:09:00-04:00,2024-03-11 04:09:00-04:00
2024-03-12,London,Purge High,2024-03-12 02:00:00-04:00,2024-03-12 04:14:00-04:00
2024-03-13,London,Purge High,2024-03-13 03:02:00-04:00,2024-03-13 04:04:00-04:00
2024-03-15,London,Purge Low,2024-03-15 02:00:00-04:00,2024-03-15 03:06:00-04:00
2024-03-19,London,Purge High,2024-03-19 04:43:00-04:00,2024-03-19 04:45:00-04:00
2024-03-20,London,Purge High,2024-03-20 06:33:00-04:00,2024-03-20 06:38:00-04:00
2024-03-21,London,Purge High,2024-03-21 02:00:00-04:00,2024-03-21 05:09:00-04:00
2024-03-25,London,Purge Low,2024-03-25 02:00:00-04:00,2024-03-25 02:00:00-04:00
2024-03-26,London,Purge High,2024-03-26 02:55:00-04:00,2024-03-26 03:51:00-04:00
2024-03-28,London,Purge Low,2024-03-28 05:17:00-04:00,2024-03-28 05:54:00-04:00
2024-04-02,London,Purge Low,2024-04-02 03:26:00-04:00,2024-04-02 03:31:00-04:00
2024-04-03,London,Purge Low,2024-04-03 02:00:00-04:00,2024-04-03 03:01:00-04:00
2024-04-08,London,Purge Low,2024-04-08 04:23:00-04:00,2024-04-08 04:29:00-04:00
2024-04-09,London,Purge High,2024-04-09 02:32:00-04:00,2024-04-09 02:32:00-04:00
2024-04-09,London,Purge Low,2024-04-09 03:52:00-04:00,2024-04-09 04:02:00-04:00
2024-04-10,London,Purge High,2024-04-10 03:02:00-04:00,2024-04-10 03:02:00-04:00
2024-04-11,London,Purge Low,2024-04-11 06:08:00-04:00,2024-04-11 06:08:00-04:00
2024-04-12,London,Purge High,2024-04-12 02:19:00-04:00,2024-04-12 02:20:00-04:00
2024-04-15,London,Purge High,2024-04-15 02:00:00-04:00,2024-04-15 02:00:00-04:00
2024-04-16,London,Purge Low,2024-04-16 06:25:00-04:00,2024-04-16 06:25:00-04:00
2024-04-17,London,Purge High,2024-04-17 06:30:00-04:00,2024-04-17 06:30:00-04:00
2024-04-17,London,Purge Low,2024-04-17 02:02:00-04:00,2024-04-17 02:02:00-04:00
2024-04-22,London,Purge High,2024-04-22 02:00:00-04:00,2024-04-22 03:13:00-04:00
2024-04-23,London,Purge High,2024-04-23 04:00:00-04:00,2024-04-23 04:00:00-04:00
2024-04-25,London,Purge Low,2024-04-25 02:00:00-04:00,2024-04-25 02:52:00-04:00
2024-04-29,London,Purge High,2024-04-29 02:00:00-04:00,2024-04-29 02:02:00-04:00
2024-04-30,London,Purge Low,2024-04-30 02:00:00-04:00,2024-04-30 02:02:00-04:00
2024-05-01,London,Purge Low,2024-05-01 02:55:00-04:00,2024-05-01 02:55:00-04:00
2024-05-06,London,Purge High,2024-05-06 06:29:00-04:00,2024-05-06 06:30:00-04:00
2024-05-06,London,Purge Low,2024-05-06 02:00:00-04:00,2024-05-06 02:00:00-04:00
2024-05-07,London,Purge High,2024-05-07 05:09:00-04:00,2024-05-07 05:12:00-04:00
2024-05-08,London,Purge High,2024-05-08 04:26:00-04:00,2024-05-08 04:26:00-04:00
2024-05-09,London,Purge Low,2024-05-09 02:00:00-04:00,2024-05-09 03:05:00-04:00
2024-05-10,London,Purge High,2024-05-10 02:53:00-04:00,2024-05-10 04:02:00-04:00
2024-05-13,London,Purge High,2024-05-13 02:00:00-04:00,2024-05-13 04:16:00-04:00
2024-05-14,London,Purge High,2024-05-14 03:22:00-04:00,2024-05-14 03:24:00-04:00
2024-05-17,London,Purge Low,2024-05-17 04:04:00-04:00,2024-05-17 04:04:00-04:00
2024-05-21,London,Purge High,2024-05-21 03:26:00-04:00,2024-05-21 03:26:00-04:00
2024-05-23,London,Purge High,2024-05-23 06:53:00-04:00,2024-05-23 06:53:00-04:00
2024-05-27,London,Purge High,2024-05-27 02:56:00-04:00,2024-05-27 02:59:00-04:00
2024-05-28,London,Purge High,2024-05-28 04:14:00-04:00,2024-05-28 06:17:00-04:00
2024-05-29,London,Purge Low,2024-05-29 02:00:00-04:00,2024-05-29 03:05:00-04:00
2024-05-30,London,Purge Low,2024-05-30 02:00:00-04:00,2024-05-30 02:22:00-04:00
2024-05-31,London,Purge Low,2024-05-31 06:51:00-04:00,2024-05-31 06:56:00-04:00
2024-06-03,London,Purge High,2024-06-03 02:30:00-04:00,2024-06-03 02:30:00-04:00
2024-06-04,London,Purge Low,2024-06-04 02:01:00-04:00,2024-06-04 02:01:00-04:00
2024-06-05,London,Purge High,2024-06-05 05:05:00-04:00,2024-06-05 05:35:00-04:00
2024-06-07,London,Purge High,2024-06-07 03:02:00-04:00,2024-06-07 03:03:00-04:00
2024-06-10,London,Purge Low,2024-06-10 02:29:00-04:00,2024-06-10 02:29:00-04:00
2024-06-11,London,Purge High,2024-06-11 02:00:00-04:00,2024-06-11 02:40:00-04:00
2024-06-12,London,Purge High,2024-06-12 02:10:00-04:00,2024-06-12 02:10:00-04:00
2024-06-13,London,Purge High,2024-06-13 02:41:00-04:00,2024-06-13 04:15:00-04:00
2024-06-14,London,Purge High,2024-06-14 02:00:00-04:00,2024-06-14 02:02:00-04:00
2024-06-14,London,Purge Low,2024-06-14 05:31:00-04:00,2024-06-14 05:32:00-04:00
2024-06-17,London,Purge High,2024-06-17 03:30:00-04:00,2024-06-17 03:34:00-04:00
2024-06-18,London,Purge High,2024-06-18 04:08:00-04:00,2024-06-18 04:20:00-04:00
2024-06-19,London,Purge High,2024-06-19 02:31:00-04:00,2024-06-19 02:39:00-04:00
2024-06-21,London,Purge Low,2024-06-21 03:22:00-04:00,2024-06-21 03:26:00-04:00
2024-06-24,London,Purge High,2024-06-24 04:15:00-04:00,2024-06-24 04:15:00-04:00
2024-06-25,London,Purge Low,2024-06-25 03:28:00-04:00,2024-06-25 03:28:00-04:00
2024-06-26,London,Purge High,2024-06-26 02:00:00-04:00,2024-06-26 02:04:00-04:00
2024-07-01,London,Purge High,2024-07-01 02:00:00-04:00,2024-07-01 02:41:00-04:00
2024-07-01,London,Purge Low,2024-07-01 03:56:00-04:00,2024-07-01 03:56:00-04:00
2024-07-02,London,Purge Low,2024-07-02 03:01:00-04:00,2024-07-02 03:02:00-04:00
2024-07-03,London,Purge High,2024-07-03 02:00:00-04:00,2024-07-03 02:00:00-04:00
2024-07-08,London,Purge High,2024-07-08 05:53:00-04:00,2024-07-08 05:54:00-04:00
2024-07-10,London,Purge High,2024-07-10 06:24:00-04:00,2024-07-10 06:24:00-04:00
2024-07-12,London,Purge Low,2024-07-12 03:18:00-04:00,2024-07-12 03:18:00-04:00
2024-07-16,London,Purge Low,2024-07-16 03:13:00-04:00,2024-07-16 03:15:00-04:00
2024-07-18,London,Purge Low,2024-07-18 06:12:00-04:00,2024-07-18 06:12:00-04:00
2024-07-22,London,Purge High,2024-07-22 05:41:00-04:00,2024-07-22 05:41:00-04:00
2024-07-25,London,Purge Low,2024-07-25 02:01:00-04:00,2024-07-25 02:20:00-04:00
2024-07-29,London,Purge High,2024-07-29 02:59:00-04:00,2024-07-29 02:59:00-04:00
2024-07-31,London,Purge High,2024-07-31 02:00:00-04:00,2024-07-31 02:00:00-04:00
2024-08-02,London,Purge Low,2024-08-02 03:05:00-04:00,2024-08-02 03:05:00-04:00
2024-08-07,London,Purge High,2024-08-07 05:25:00-04:00,2024-08-07 05:25:00-04:00
2024-08-09,London,Purge High,2024-08-09 04:31:00-04:00,2024-08-09 04:31:00-04:00
2024-08-12,London,Purge High,2024-08-12 03:40:00-04:00,2024-08-12 03:40:00-04:00
2024-08-13,London,Purge High,2024-08-13 02:00:00-04:00,2024-08-13 06:26:00-04:00
2024-08-16,London,Purge High,2024-08-16 02:00:00-04:00,2024-08-16 03:49:00-04:00
2024-08-20,London,Purge High,2024-08-20 03:22:00-04:00,2024-08-20 03:22:00-04:00
2024-08-22,London,Purge High,2024-08-22 06:32:00-04:00,2024-08-22 06:47:00-04:00
2024-08-26,London,Purge High,2024-08-26 03:32:00-04:00,2024-08-26 03:36:00-04:00
2024-08-28,London,Purge High,2024-08-28 02:35:00-04:00,2024-08-28 02:35:00-04:00
2024-08-30,London,Purge High,2024-08-30 02:07:00-04:00,2024-08-30 02:36:00-04:00
2024-09-02,London,Purge Low,2024-09-02 02:43:00-04:00,2024-09-02 02:44:00-04:00
2024-09-03,London,Purge Low,2024-09-03 04:58:00-04:00,2024-09-03 04:58:00-04:00
2024-09-12,London,Purge High,2024-09-12 02:00:00-04:00,2024-09-12 02:45:00-04:00
2024-09-13,London,Purge High,2024-09-13 03:28:00-04:00,2024-09-13 03:28:00-04:00
2024-09-16,London,Purge Low,2024-09-16 06:11:00-04:00,2024-09-16 06:11:00-04:00
2024-09-17,London,Purge High,2024-09-17 05:13:00-04:00,2024-09-17 05:13:00-04:00
2024-09-18,London,Purge High,2024-09-18 02:30:00-04:00,2024-09-18 02:30:00-04:00
2024-09-23,London,Purge Low,2024-09-23 03:15:00-04:00,2024-09-23 03:28:00-04:00
2024-09-24,London,Purge High,2024-09-24 04:11:00-04:00,2024-09-24 04:12:00-04:00
2024-09-27,London,Purge Low,2024-09-27 02:23:00-04:00,2024-09-27 02:24:00-04:00
2024-09-30,London,Purge Low,2024-09-30 02:22:00-04:00,2024-09-30 02:32:00-04:00
2024-10-02,London,Purge Low,2024-10-02 02:10:00-04:00,2024-10-02 02:11:00-04:00
2024-10-03,London,Purge Low,2024-10-03 03:29:00-04:00,2024-10-03 03:41:00-04:00
2024-10-04,London,Purge High,2024-10-04 06:17:00-04:00,2024-10-04 06:17:00-04:00
2024-10-07,London,Purge Low,2024-10-07 02:00:00-04:00,2024-10-07 02:50:00-04:00
2024-10-11,London,Purge Low,2024-10-11 02:00:00-04:00,2024-10-11 02:02:00-04:00
2024-10-14,London,Purge High,2024-10-14 03:23:00-04:00,2024-10-14 03:23:00-04:00
2024-10-17,London,Purge High,2024-10-17 02:16:00-04:00,2024-10-17 02:17:00-04:00
2024-10-18,London,Purge High,2024-10-18 02:23:00-04:00,2024-10-18 02:23:00-04:00
2024-10-22,London,Purge Low,2024-10-22 02:43:00-04:00,2024-10-22 02:45:00-04:00
2024-10-23,London,Purge High,2024-10-23 03:19:00-04:00,2024-10-23 03:19:00-04:00
2024-10-25,London,Purge High,2024-10-25 03:37:00-04:00,2024-10-25 03:39:00-04:00
2024-10-28,London,Purge High,2024-10-28 03:14:00-04:00,2024-10-28 03:15:00-04:00
2024-11-06,London,Purge High,2024-11-06 02:00:00-05:00,2024-11-06 06:49:00-05:00
2024-11-07,London,Purge High,2024-11-07 02:00:00-05:00,2024-11-07 02:22:00-05:00
2024-11-08,London,Purge High,2024-11-08 02:45:00-05:00,2024-11-08 02:45:00-05:00
2024-11-11,London,Purge High,2024-11-11 03:18:00-05:00,2024-11-11 03:21:00-05:00
2024-11-12,London,Purge Low,2024-11-12 02:26:00-05:00,2024-11-12 02:28:00-05:00
2024-11-13,London,Purge Low,2024-11-13 02:00:00-05:00,2024-11-13 02:28:00-05:00
2024-11-14,London,Purge High,2024-11-14 04:01:00-05:00,2024-11-14 04:02:00-05:00
2024-11-14,London,Purge Low,2024-11-14 02:01:00-05:00,2024-11-14 02:10:00-05:00
2024-11-19,London,Purge Low,2024-11-19 03:38:00-05:00,2024-11-19 03:47:00-05:00
2024-11-20,London,Purge High,2024-11-20 02:00:00-05:00,2024-11-20 02:00:00-05:00
2024-11-21,London,Purge Low,2024-11-21 02:27:00-05:00,2024-11-21 02:28:00-05:00
2024-11-25,London,Purge High,2024-11-25 04:51:00-05:00,2024-11-25 04:53:00-05:00
2024-12-02,London,Purge Low,2024-12-02 05:10:00-05:00,2024-12-02 05:11:00-05:00
2024-12-03,London,Purge High,2024-12-03 03:08:00-05:00,2024-12-03 03:10:00-05:00
2024-12-04,London,Purge High,2024-12-04 02:00:00-05:00,2024-12-04 02:08:00-05:00
2024-12-09,London,Purge High,2024-12-09 02:35:00-05:00,2024-12-09 04:08:00-05:00
2024-12-09,London,Purge Low,2024-12-09 05:11:00-05:00,2024-12-09 05:11:00-05:00
2024-12-10,London,Purge Low,2024-12-10 02:00:00-05:00,2024-12-10 02:00:00-05:00
2024-12-11,London,Purge Low,2024-12-11 02:37:00-05:00,2024-12-11 02:37:00-05:00
2024-12-12,London,Purge High,2024-12-12 03:29:00-05:00,2024-12-12 03:30:00-05:00
2024-12-13,London,Purge High,2024-12-13 04:24:00-05:00,2024-12-13 04:25:00-05:00
2024-12-16,London,Purge High,2024-12-16 04:08:00-05:00,2024-12-16 04:09:00-05:00
2024-12-20,London,Purge Low,2024-12-20 03:33:00-05:00,2024-12-20 03:34:00-05:00
2024-12-23,London,Purge High,2024-12-23 02:00:00-05:00,2024-12-23 02:08:00-05:00
2024-12-23,London,Purge Low,2024-12-23 06:21:00-05:00,2024-12-23 06:23:00-05:00
2024-12-24,London,Purge High,2024-12-24 02:00:00-05:00,2024-12-24 03:07:00-05:00
2024-12-26,London,Purge Low,2024-12-26 03:07:00-05:00,2024-12-26 03:09:00-05:00
2025-01-02,London,Purge High,2025-01-02 02:00:00-05:00,2025-01-02 03:33:00-05:00
2025-01-08,London,Purge Low,2025-01-08 06:31:00-05:00,2025-01-08 06:49:00-05:00
2025-01-09,London,Purge Low,2025-01-09 02:30:00-05:00,2025-01-09 02:33:00-05:00
2025-01-10,London,Purge High,2025-01-10 06:06:00-05:00,2025-01-10 06:53:00-05:00
2025-01-14,London,Purge High,2025-01-14 03:19:00-05:00,2025-01-14 03:19:00-05:00
2025-01-15,London,Purge Low,2025-01-15 03:00:00-05:00,2025-01-15 03:05:00-05:00
2025-01-22,London,Purge High,2025-01-22 03:19:00-05:00,2025-01-22 03:21:00-05:00
2025-01-30,London,Purge High,2025-01-30 03:05:00-05:00,2025-01-30 03:11:00-05:00
2025-01-31,London,Purge High,2025-01-31 02:11:00-05:00,2025-01-31 02:12:00-05:00
2025-02-03,London,Purge High,2025-02-03 03:03:00-05:00,2025-02-03 03:03:00-05:00
2025-02-06,London,Purge High,2025-02-06 02:00:00-05:00,2025-02-06 02:25:00-05:00
2025-02-10,London,Purge High,2025-02-10 03:05:00-05:00,2025-02-10 03:07:00-05:00
2025-02-12,London,Purge Low,2025-02-12 04:20:00-05:00,2025-02-12 04:21:00-05:00
2025-02-13,London,Purge Low,2025-02-13 04:00:00-05:00,2025-02-13 04:01:00-05:00
2025-02-14,London,Purge High,2025-02-14 02:05:00-05:00,2025-02-14 02:05:00-05:00
2025-02-18,London,Purge High,2025-02-18 02:00:00-05:00,2025-02-18 03:07:00-05:00
2025-02-19,London,Purge Low,2025-02-19 05:22:00-05:00,2025-02-19 05:22:00-05:00
2025-02-20,London,Purge Low,2025-02-20 02:00:00-05:00,2025-02-20 02:15:00-05:00
2025-02-21,London,Purge High,2025-02-21 05:16:00-05:00,2025-02-21 05:16:00-05:00
2025-02-21,London,Purge Low,2025-02-21 03:15:00-05:00,2025-02-21 03:17:00-05:00
2025-02-24,London,Purge High,2025-02-24 04:06:00-05:00,2025-02-24 04:08:00-05:00
2025-02-25,London,Purge Low,2025-02-25 02:29:00-05:00,2025-02-25 02:40:00-05:00
2025-02-27,London,Purge High,2025-02-27 02:00:00-05:00,2025-02-27 02:00:00-05:00
2025-03-04,London,Purge Low,2025-03-04 03:08:00-05:00,2025-03-04 03:08:00-05:00
2025-03-05,London,Purge High,2025-03-05 03:27:00-05:00,2025-03-05 03:27:00-05:00
2025-03-06,London,Purge Low,2025-03-06 03:12:00-05:00,2025-03-06 03:15:00-05:00
2025-03-07,London,Purge Low,2025-03-07 02:00:00-05:00,2025-03-07 02:01:00-05:00
2025-03-12,London,Purge High,2025-03-12 04:00:00-04:00,2025-03-12 04:00:00-04:00
2025-03-12,London,Purge Low,2025-03-12 02:55:00-04:00,2025-03-12 02:55:00-04:00
2025-03-13,London,Purge Low,2025-03-13 02:08:00-04:00,2025-03-13 02:08:00-04:00
2025-03-17,London,Purge High,2025-03-17 06:49:00-04:00,2025-03-17 06:53:00-04:00
2025-03-19,London,Purge Low,2025-03-19 03:43:00-04:00,2025-03-19 03:44:00-04:00
2025-03-21,London,Purge Low,2025-03-21 02:00:00-04:00,2025-03-21 02:00:00-04:00
2025-03-25,London,Purge High,2025-03-25 06:46:00-04:00,2025-03-25 06:46:00-04:00
2025-03-28,London,Purge Low,2025-03-28 02:56:00-04:00,2025-03-28 02:56:00-04:00
2025-04-01,London,Purge High,2025-04-01 02:47:00-04:00,2025-04-01 03:33:00-04:00
2025-04-04,London,Purge Low,2025-04-04 06:06:00-04:00,2025-04-04 06:07:00-04:00
2025-04-08,London,Purge High,2025-04-08 04:00:00-04:00,2025-04-08 04:00:00-04:00
2025-04-14,London,Purge High,2025-04-14 02:36:00-04:00,2025-04-14 02:36:00-04:00
2025-04-16,London,Purge Low,2025-04-16 02:00:00-04:00,2025-04-16 04:27:00-04:00
2025-04-21,London,Purge Low,2025-04-21 03:10:00-04:00,2025-04-21 04:33:00-04:00
2025-04-24,London,Purge Low,2025-04-24 03:05:00-04:00,2025-04-24 03:05:00-04:00
2025-04-25,London,Purge High,2025-04-25 02:51:00-04:00,2025-04-25 02:55:00-04:00
2025-04-28,London,Purge High,2025-04-28 03:00:00-04:00,2025-04-28 03:00:00-04:00
2025-04-30,London,Purge High,2025-04-30 04:15:00-04:00,2025-04-30 04:17:00-04:00
2025-05-01,London,Purge High,2025-05-01 03:36:00-04:00,2025-05-01 03:47:00-04:00
2025-05-05,London,Purge Low,2025-05-05 04:54:00-04:00,2025-05-05 04:55:00-04:00
2025-05-06,London,Purge Low,2025-05-06 02:00:00-04:00,2025-05-06 02:05:00-04:00
2025-05-08,London,Purge High,2025-05-08 03:07:00-04:00,2025-05-08 03:34:00-04:00
2025-05-09,London,Purge High,2025-05-09 02:00:00-04:00,2025-05-09 02:00:00-04:00
2025-05-12,London,Purge High,2025-05-12 02:00:00-04:00,2025-05-12 02:18:00-04:00
2025-05-14,London,Purge High,2025-05-14 02:00:00-04:00,2025-05-14 03:25:00-04:00
2025-05-15,London,Purge Low,2025-05-15 03:44:00-04:00,2025-05-15 03:44:00-04:00
2025-05-16,London,Purge High,2025-05-16 03:41:00-04:00,2025-05-16 03:41:00-04:00
2025-05-19,London,Purge Low,2025-05-19 02:45:00-04:00,2025-05-19 02:46:00-04:00
2025-05-21,London,Purge Low,2025-05-21 02:00:00-04:00,2025-05-21 03:55:00-04:00
2025-05-23,London,Purge High,2025-05-23 04:07:00-04:00,2025-05-23 04:07:00-04:00
2025-05-23,London,Purge Low,2025-05-23 02:03:00-04:00,2025-05-23 02:03:00-04:00
2025-05-26,London,Purge High,2025-05-26 02:29:00-04:00,2025-05-26 02:30:00-04:00
2025-05-27,London,Purge High,2025-05-27 03:22:00-04:00,2025-05-27 03:22:00-04:00
2025-05-28,London,Purge High,2025-05-28 06:34:00-04:00,2025-05-28 06:35:00-04:00
2025-05-29,London,Purge High,2025-05-29 03:59:00-04:00,2025-05-29 04:03:00-04:00
2025-06-02,London,Purge Low,2025-06-02 02:00:00-04:00,2025-06-02 02:20:00-04:00
2025-06-04,London,Purge High,2025-06-04 04:04:00-04:00,2025-06-04 04:32:00-04:00
2025-06-05,London,Purge High,2025-06-05 03:15:00-04:00,2025-06-05 03:15:00-04:00
2025-06-12,London,Purge Low,2025-06-12 04:02:00-04:00,2025-06-12 04:10:00-04:00
2025-06-16,London,Purge High,2025-06-16 02:00:00-04:00,2025-06-16 02:00:00-04:00
2025-06-19,London,Purge Low,2025-06-19 03:56:00-04:00,2025-06-19 03:57:00-04:00
2025-06-20,London,Purge High,2025-06-20 02:00:00-04:00,2025-06-20 02:00:00-04:00
2025-06-25,London,Purge High,2025-06-25 02:12:00-04:00,2025-06-25 02:12:00-04:00
2025-06-30,London,Purge High,2025-06-30 02:05:00-04:00,2025-06-30 02:07:00-04:00
2025-07-01,London,Purge Low,2025-07-01 02:00:00-04:00,2025-07-01 03:00:00-04:00
2025-07-02,London,Purge Low,2025-07-02 06:49:00-04:00,2025-07-02 06:49:00-04:00
2025-07-03,London,Purge High,2025-07-03 02:44:00-04:00,2025-07-03 02:51:00-04:00
2025-07-07,London,Purge Low,2025-07-07 04:11:00-04:00,2025-07-07 04:12:00-04:00
2025-07-09,London,Purge High,2025-07-09 05:29:00-04:00,2025-07-09 05:30:00-04:00
2025-07-09,London,Purge Low,2025-07-09 02:06:00-04:00,2025-07-09 02:14:00-04:00
2025-07-14,London,Purge High,2025-07-14 04:52:00-04:00,2025-07-14 04:58:00-04:00
2025-07-14,London,Purge Low,2025-07-14 02:04:00-04:00,2025-07-14 02:05:00-04:00
2025-07-15,London,Purge High,2025-07-15 04:26:00-04:00,2025-07-15 04:27:00-04:00
2025-07-16,London,Purge Low,2025-07-16 02:38:00-04:00,2025-07-16 02:40:00-04:00
2025-07-18,London,Purge High,2025-07-18 02:00:00-04:00,2025-07-18 02:36:00-04:00
2025-07-21,London,Purge High,2025-07-21 02:08:00-04:00,2025-07-21 02:08:00-04:00
2025-07-25,London,Purge Low,2025-07-25 03:22:00-04:00,2025-07-25 03:22:00-04:00
2025-07-28,London,Purge High,2025-07-28 02:00:00-04:00,2025-07-28 02:32:00-04:00
2025-07-28,London,Purge Low,2025-07-28 06:42:00-04:00,2025-07-28 06:43:00-04:00
2025-07-29,London,Purge High,2025-07-29 03:42:00-04:00,2025-07-29 03:42:00-04:00
2025-07-31,London,Purge High,2025-07-31 02:01:00-04:00,2025-07-31 02:03:00-04:00
2025-08-01,London,Purge Low,2025-08-01 03:10:00-04:00,2025-08-01 03:11:00-04:00
2025-08-04,London,Purge High,2025-08-04 02:00:00-04:00,2025-08-04 02:06:00-04:00
2025-08-05,London,Purge High,2025-08-05 02:15:00-04:00,2025-08-05 02:16:00-04:00
2025-08-07,London,Purge High,2025-08-07 03:16:00-04:00,2025-08-07 03:16:00-04:00
2025-08-11,London,Purge Low,2025-08-11 03:54:00-04:00,2025-08-11 03:57:00-04:00
2025-08-13,London,Purge High,2025-08-13 02:41:00-04:00,2025-08-13 02:42:00-04:00
2025-08-14,London,Purge Low,2025-08-14 02:00:00-04:00,2025-08-14 02:03:00-04:00
2025-08-15,London,Purge High,2025-08-15 02:00:00-04:00,2025-08-15 03:51:00-04:00
2025-08-18,London,Purge Low,2025-08-18 02:19:00-04:00,2025-08-18 02:31:00-04:00
2025-08-19,London,Purge Low,2025-08-19 02:00:00-04:00,2025-08-19 02:28:00-04:00
2025-08-22,London,Purge Low,2025-08-22 02:03:00-04:00,2025-08-22 03:50:00-04:00
2025-08-25,London,Purge Low,2025-08-25 02:59:00-04:00,2025-08-25 02:59:00-04:00
2025-08-28,London,Purge High,2025-08-28 03:03:00-04:00,2025-08-28 03:08:00-04:00
2025-09-01,London,Purge Low,2025-09-01 02:00:00-04:00,2025-09-01 02:41:00-04:00
2025-09-02,London,Purge Low,2025-09-02 03:12:00-04:00,2025-09-02 03:12:00-04:00
2025-09-04,London,Purge High,2025-09-04 06:14:00-04:00,2025-09-04 06:14:00-04:00
2025-09-09,London,Purge High,2025-09-09 02:12:00-04:00,2025-09-09 02:18:00-04:00
2025-09-10,London,Purge High,2025-09-10 02:00:00-04:00,2025-09-10 02:01:00-04:00
2025-09-11,London,Purge High,2025-09-11 03:40:00-04:00,2025-09-11 03:43:00-04:00
2025-09-12,London,Purge High,2025-09-12 02:00:00-04:00,2025-09-12 02:25:00-04:00
2025-09-15,London,Purge High,2025-09-15 02:00:00-04:00,2025-09-15 04:00:00-04:00
2025-09-15,London,Purge Low,2025-09-15 04:04:00-04:00,2025-09-15 04:05:00-04:00
2025-09-16,London,Purge High,2025-09-16 02:00:00-04:00,2025-09-16 02:33:00-04:00
2025-09-17,London,Purge Low,2025-09-17 02:10:00-04:00,2025-09-17 02:12:00-04:00
2025-09-18,London,Purge High,2025-09-18 03:18:00-04:00,2025-09-18 03:20:00-04:00
2025-09-22,London,Purge Low,2025-09-22 02:10:00-04:00,2025-09-22 02:13:00-04:00
2025-09-23,London,Purge High,2025-09-23 02:17:00-04:00,2025-09-23 02:17:00-04:00
2025-09-25,London,Purge Low,2025-09-25 02:16:00-04:00,2025-09-25 02:16:00-04:00
2025-09-26,London,Purge Low,2025-09-26 05:01:00-04:00,2025-09-26 05:06:00-04:00
2025-09-29,London,Purge High,2025-09-29 02:00:00-04:00,2025-09-29 02:04:00-04:00
2025-09-30,London,Purge Low,2025-09-30 03:03:00-04:00,2025-09-30 03:03:00-04:00
2025-10-01,London,Purge Low,2025-10-01 02:00:00-04:00,2025-10-01 02:01:00-04:00
2025-10-02,London,Purge High,2025-10-02 03:05:00-04:00,2025-10-02 03:06:00-04:00
2025-10-03,London,Purge High,2025-10-03 02:12:00-04:00,2025-10-03 03:37:00-04:00
2025-10-06,London,Purge High,2025-10-06 02:38:00-04:00,2025-10-06 03:00:00-04:00
2025-10-08,London,Purge Low,2025-10-08 02:43:00-04:00,2025-10-08 02:44:00-04:00
2025-10-10,London,Purge Low,2025-10-10 05:48:00-04:00,2025-10-10 06:12:00-04:00
2025-10-13,London,Purge High,2025-10-13 03:00:00-04:00,2025-10-13 03:02:00-04:00
2025-10-15,London,Purge High,2025-10-15 03:12:00-04:00,2025-10-15 03:13:00-04:00
2025-10-16,London,Purge High,2025-10-16 02:16:00-04:00,2025-10-16 02:16:00-04:00
2025-10-20,London,Purge High,2025-10-20 02:00:00-04:00,2025-10-20 02:01:00-04:00
2025-10-22,London,Purge High,2025-10-22 02:25:00-04:00,2025-10-22 02:25:00-04:00
2025-10-24,London,Purge High,2025-10-24 02:00:00-04:00,2025-10-24 04:05:00-04:00
2025-10-27,London,Purge High,2025-10-27 02:00:00-04:00,2025-10-27 04:32:00-04:00
2025-10-29,London,Purge High,2025-10-29 02:00:00-04:00,2025-10-29 05:09:00-04:00
2025-11-03,London,Purge High,2025-11-03 04:15:00-05:00,2025-11-03 04:15:00-05:00
2025-11-03,London,Purge Low,2025-11-03 02:44:00-05:00,2025-11-03 02:45:00-05:00
2025-11-06,London,Purge High,2025-11-06 05:33:00-05:00,2025-11-06 05:36:00-05:00
2025-11-07,London,Purge Low,2025-11-07 06:13:00-05:00,2025-11-07 06:50:00-05:00
2025-11-10,London,Purge High,2025-11-10 02:32:00-05:00,2025-11-10 02:36:00-05:00
2025-11-12,London,Purge High,2025-11-12 02:00:00-05:00,2025-11-12 06:29:00-05:00
2025-11-14,London,Purge Low,2025-11-14 02:06:00-05:00,2025-11-14 02:06:00-05:00
2025-11-17,London,Purge High,2025-11-17 02:14:00-05:00,2025-11-17 02:14:00-05:00
2025-11-18,London,Purge Low,2025-11-18 02:05:00-05:00,2025-11-18 02:06:00-05:00
2025-11-20,London,Purge High,2025-11-20 02:20:00-05:00,2025-11-20 02:22:00-05:00
2025-11-21,London,Purge Low,2025-11-21 05:00:00-05:00,2025-11-21 05:35:00-05:00
2025-11-24,London,Purge High,2025-11-24 03:18:00-05:00,2025-11-24 03:21:00-05:00
2025-11-24,London,Purge Low,2025-11-24 04:25:00-05:00,2025-11-24 04:32:00-05:00
2025-11-26,London,Purge High,2025-11-26 02:00:00-05:00,2025-11-26 03:10:00-05:00
2025-12-02,London,Purge High,2025-12-02 04:25:00-05:00,2025-12-02 04:30:00-05:00
2025-12-03,London,Purge High,2025-12-03 02:23:00-05:00,2025-12-03 02:23:00-05:00
2025-12-04,London,Purge High,2025-12-04 04:39:00-05:00,2025-12-04 05:31:00-05:00
2025-12-04,London,Purge Low,2025-12-04 03:27:00-05:00,2025-12-04 03:28:00-05:00
2025-12-05,London,Purge High,2025-12-05 02:05:00-05:00,2025-12-05 02:10:00-05:00
2025-12-08,London,Purge High,2025-12-08 02:16:00-05:00,2025-12-08 02:50:00-05:00
2025-12-09,London,Purge Low,2025-12-09 04:06:00-05:00,2025-12-09 04:10:00-05:00
2025-12-10,London,Purge High,2025-12-10 02:21:00-05:00,2025-12-10 03:52:00-05:00
2025-12-10,London,Purge Low,2025-12-10 05:29:00-05:00,2025-12-10 05:32:00-05:00
2025-12-15,London,Purge High,2025-12-15 03:42:00-05:00,2025-12-15 03:46:00-05:00
2025-12-16,London,Purge Low,2025-12-16 02:37:00-05:00,2025-12-16 02:39:00-05:00
2025-12-22,London,Purge High,2025-12-22 02:03:00-05:00,2025-12-22 02:05:00-05:00
2025-12-23,London,Purge Low,2025-12-23 02:02:00-05:00,2025-12-23 02:02:00-05:00
2025-12-26,London,Purge Low,2025-12-26 02:00:00-05:00,2025-12-26 04:57:00-05:00
2025-12-30,London,Purge Low,2025-12-30 02:20:00-05:00,2025-12-30 02:20:00-05:00
2025-12-31,London,Purge Low,2025-12-31 02:10:00-05:00,2025-12-31 02:10:00-05:00
2026-01-02,London,Purge High,2026-01-02 02:00:00-05:00,2026-01-02 02:12:00-05:00
2026-01-05,London,Purge High,2026-01-05 02:00:00-05:00,2026-01-05 02:12:00-05:00
2026-01-06,London,Purge High,2026-01-06 02:00:00-05:00,2026-01-06 02:45:00-05:00
2026-01-08,London,Purge Low,2026-01-08 02:00:00-05:00,2026-01-08 02:23:00-05:00
2026-01-12,London,Purge Low,2026-01-12 03:16:00-05:00,2026-01-12 03:16:00-05:00
2026-01-14,London,Purge Low,2026-01-14 02:00:00-05:00,2026-01-14 04:10:00-05:00
2026-01-16,London,Purge High,2026-01-16 02:00:00-05:00,2026-01-16 02:37:00-05:00
2026-01-19,London,Purge Low,2026-01-19 02:08:00-05:00,2026-01-19 02:08:00-05:00
2026-01-23,London,Purge High,2026-01-23 02:05:00-05:00,2026-01-23 02:05:00-05:00
2026-01-26,London,Purge High,2026-01-26 02:00:00-05:00,2026-01-26 04:31:00-05:00
2026-01-27,London,Purge High,2026-01-27 02:00:00-05:00,2026-01-27 02:20:00-05:00
2026-01-30,London,Purge Low,2026-01-30 02:37:00-05:00,2026-01-30 02:44:00-05:00
2026-02-03,London,Purge High,2026-02-03 02:00:00-05:00,2026-02-03 02:01:00-05:00
2026-02-04,London,Purge Low,2026-02-04 04:20:00-05:00,2026-02-04 04:20:00-05:00
2026-02-09,London,Purge Low,2026-02-09 02:00:00-05:00,2026-02-09 02:06:00-05:00
2026-02-10,London,Purge High,2026-02-10 04:16:00-05:00,2026-02-10 04:16:00-05:00
2026-02-11,London,Purge Low,2026-02-11 02:11:00-05:00,2026-02-11 02:11:00-05:00
2026-02-12,London,Purge High,2026-02-12 02:18:00-05:00,2026-02-12 02:18:00-05:00
2026-02-13,London,Purge Low,2026-02-13 03:17:00-05:00,2026-02-13 03:22:00-05:00
2026-02-16,London,Purge High,2026-02-16 02:36:00-05:00,2026-02-16 02:36:00-05:00
2026-02-17,London,Purge Low,2026-02-17 06:25:00-05:00,2026-02-17 06:25:00-05:00
2026-02-18,London,Purge High,2026-02-18 02:45:00-05:00,2026-02-18 02:45:00-05:00
2026-02-19,London,Purge High,2026-02-19 02:00:00-05:00,2026-02-19 03:46:00-05:00
2026-02-20,London,Purge Low,2026-02-20 06:57:00-05:00,2026-02-20 06:58:00-05:00
2026-02-24,London,Purge Low,2026-02-24 03:48:00-05:00,2026-02-24 03:53:00-05:00
2026-02-25,London,Purge High,2026-02-25 06:46:00-05:00,2026-02-25 06:49:00-05:00
2026-02-27,London,Purge Low,2026-02-27 06:42:00-05:00,2026-02-27 06:47:00-05:00
2026-03-02,London,Purge Low,2026-03-02 02:00:00-05:00,2026-03-02 06:45:00-05:00
2026-03-03,London,Purge Low,2026-03-03 03:42:00-05:00,2026-03-03 03:43:00-05:00
2026-03-04,London,Purge High,2026-03-04 05:09:00-05:00,2026-03-04 05:09:00-05:00
2026-03-06,London,Purge High,2026-03-06 02:27:00-05:00,2026-03-06 02:28:00-05:00
2026-03-06,London,Purge Low,2026-03-06 04:25:00-05:00,2026-03-06 04:31:00-05:00
2026-03-09,London,Purge High,2026-03-09 05:32:00-04:00,2026-03-09 05:46:00-04:00
2026-03-10,London,Purge High,2026-03-10 03:05:00-04:00,2026-03-10 03:07:00-04:00
2026-03-13,London,Purge Low,2026-03-13 02:49:00-04:00,2026-03-13 02:50:00-04:00
2026-03-16,London,Purge High,2026-03-16 02:00:00-04:00,2026-03-16 03:27:00-04:00
2026-03-19,London,Purge Low,2026-03-19 03:13:00-04:00,2026-03-19 03:14:00-04:00
2026-03-20,London,Purge Low,2026-03-20 02:20:00-04:00,2026-03-20 03:33:00-04:00
2026-03-23,London,Purge Low,2026-03-23 02:13:00-04:00,2026-03-23 02:14:00-04:00
2026-03-24,London,Purge High,2026-03-24 03:12:00-04:00,2026-03-24 03:13:00-04:00
2026-03-25,London,Purge High,2026-03-25 04:06:00-04:00,2026-03-25 04:06:00-04:00
2026-03-26,London,Purge Low,2026-03-26 02:01:00-04:00,2026-03-26 02:02:00-04:00
2026-03-27,London,Purge Low,2026-03-27 04:20:00-04:00,2026-03-27 04:21:00-04:00
2026-04-01,London,Purge High,2026-04-01 02:00:00-04:00,2026-04-01 02:04:00-04:00
2026-04-02,London,Purge Low,2026-04-02 02:00:00-04:00,2026-04-02 02:59:00-04:00
2026-04-06,London,Purge High,2026-04-06 04:00:00-04:00,2026-04-06 04:00:00-04:00
2026-04-07,London,Purge High,2026-04-07 04:35:00-04:00,2026-04-07 04:35:00-04:00
2026-04-09,London,Purge Low,2026-04-09 03:42:00-04:00,2026-04-09 03:42:00-04:00
2026-04-13,London,Purge High,2026-04-13 02:02:00-04:00,2026-04-13 02:02:00-04:00
2026-04-14,London,Purge High,2026-04-14 03:05:00-04:00,2026-04-14 03:06:00-04:00
2026-04-16,London,Purge High,2026-04-16 02:01:00-04:00,2026-04-16 02:01:00-04:00
2026-04-17,London,Purge High,2026-04-17 04:28:00-04:00,2026-04-17 04:28:00-04:00
